<?xml version="1.0" encoding="UTF-8"?>
<metadata xml:lang="en"><Esri><CreaDate>20190321</CreaDate><CreaTime>20550900</CreaTime><ArcGISFormat>1.0</ArcGISFormat><ArcGISstyle>FGDC CSDGM Metadata</ArcGISstyle><SyncOnce>TRUE</SyncOnce><DataProperties><itemProps><itemLocation><linkage Sync="TRUE">file://\\DEKYRAHMASU875C\C$\Users\deky\PycharmProjects\Python4GIS\toolAssignment\Town</linkage><protocol Sync="TRUE">Local Area Network</protocol></itemLocation></itemProps><copyHistory><copy source="\\Mac\Home\Documents\Map\568ToolAssignment\Town" dest="\\DEKYRAHMASU875C\C$\Users\deky\PycharmProjects\Python4GIS\toolAssignment\Town" date="20190321" time="20550900"></copy></copyHistory></DataProperties></Esri></metadata>
